Name,RA,DEC
TIC101929303,19.951591,35.988359
TIC122220263,19.334730,36.637772
TIC13419950,20.352623,41.462365
TIC138361973,19.584332,37.538601
TIC142276270,12.812327,64.855277
TIC147576037,9.622760,68.458703
TIC147950620,11.188097,69.964773
TIC148914726,12.470393,67.24003
TIC15247229,20.448723,38.932269
TIC154089169,13.947814,68.618204
TIC158002130,14.303713,82.193773
TIC158276040,19.103337,44.080803
TIC158324245,19.131411,46.868275
TIC159510109,16.502316,80.307756
TIC160268701,12.169245,77.352263
TIC16102323,20.489108,37.508561
TIC161450762,20.618393,32.471081
TIC16740101,20.523993,39.938913
TIC169177766,19.820003,41.326844
TIC198213332,16.562236,61.718333
TIC202563254,20.268956,31.925686
TIC203189770,20.320002,32.581045
TIC21755546,19.485787,30.297329
TIC229510866,19.814388,64.354351
TIC230088370,16.490446,71.505872
TIC232967440,13.178872,70.768024
TIC232967666,13.210160,71.618138
TIC233087860,18.146930,60.678188
TIC237184773,18.899318,37.380642
TIC237185205,18.901780,37.720015
TIC24364065,19.408031,33.273702
TIC258777137,19.116476,71.712375
TIC267489265,19.918752,54.781448
TIC28230919,19.847343,48.081831
TIC284450803,19.380598,56.615388
TIC287196418,19.515609,59.403853
TIC288185138,14.856097,82.952254
TIC289539327,16.775565,65.71503
TIC294176967,20.053674,52.040842
TIC302518439,8.941336,72.533275
TIC30329585,19.282579,31.32358
TIC320525204,17.664103,56.078972
TIC341544930,13.440978,65.306343
TIC349827430,10.793937,71.655732
TIC350995812,19.461428,36.529899
TIC359496368,18.606733,55.391787
TIC372757221,10.859545,81.322175
TIC379931600,19.561824,29.596295
TIC41330864,20.114031,38.431024
TIC458478250,15.476443,66.358711
TIC459970307,16.994936,64.699211
TIC48188920,18.828054,48.098942
TIC69679391,19.644094,31.219201
TIC69997672,19.654939,31.958041
TIC83210867,19.830629,34.829665
TIC89389197,20.078512,30.409949
TIC89510024,20.087851,30.670696
TIC89643259,20.094059,33.049205
TIC99869022,11.125377,61.352577
TIC101037590,3.632059,33.079897
TIC102672709,4.115409,66.119599
TIC103448870,4.455666,73.023689
TIC103633434,10.147884,69.27662
TIC11111899,20.254989,36.651807
TIC115771549,22.654394,33.889459
TIC116483514,15.529736,47.055551
TIC116483734,15.537722,47.860746
TIC116608612,5.710881,35.185708
TIC117322779,3.223484,49.783757
TIC118301361,2.279724,29.570473
TIC119700084,22.216878,37.627574
TIC120602501,22.512454,40.003763
TIC120757718,19.069392,36.632536
TIC120960812,19.109226,39.487904
TIC121966220,5.053188,41.785784
TIC122485078,5.123419,36.275085
TIC125442121,23.438648,38.55294
TIC125735470,3.777352,27.471526
TIC127425841,0.402041,40.165571
TIC128501004,22.602228,37.841042
TIC129539786,22.930241,39.645117
TIC129979528,2.447516,37.550444
TIC129991079,2.475494,40.891254
TIC13499636,21.346794,28.055829
TIC13684720,20.369217,36.064784
TIC136848581,21.183193,43.551895
TIC136971594,21.197741,43.592849
TIC137284119,21.215677,46.26809
TIC138017750,3.386743,33.078133
TIC138168780,6.319530,73.827567
TIC138588540,11.758706,65.541314
TIC138968089,19.673406,40.986723
TIC139375960,2.557438,41.013432
TIC1400770435,17.664103,56.078974
TIC142394656,13.225906,62.30538
TIC148782377,14.602470,42.378458
TIC153949511,11.516520,66.796529
TIC153951307,13.425489,68.836068
TIC153976959,13.569196,67.62123
TIC154383539,14.373477,55.334259
TIC155005217,23.016255,42.549318
TIC155114483,23.049897,44.564848
TIC15565627,20.467776,39.87713
TIC156724719,4.802121,39.966936
TIC157586003,18.617498,40.018691
TIC158025009,14.461566,41.952986
TIC158170594,19.074020,43.680961
TIC158561566,19.180588,47.33305
TIC159107668,19.315982,44.647347
TIC160487753,15.868787,74.406742
TIC162130054,22.074514,31.018767
TIC163539739,21.365230,35.648625
TIC164150539,22.383571,30.572726
TIC164173105,22.388354,35.03492
TIC165523947,21.120926,40.167172
TIC165551882,17.784489,57.226662
TIC167092385,21.248308,38.094232
TIC167098530,21.241807,40.017017
TIC167403519,21.288334,38.104855
TIC1717732429,18.831636,55.26639
TIC1718201850,19.116437,71.712195
TIC173612049,23.238763,44.508759
TIC176860064,23.655777,45.719851
TIC176899385,23.651606,42.465987
TIC177244357,23.799713,47.655601
TIC184679932,2.152941,40.401942
TIC185405474,20.114512,45.499227
TIC186000935,20.204865,44.495878
TIC186599508,3.005898,39.068266
TIC187029841,2.303731,38.478824
TIC1884091865,19.340591,61.085447
TIC188768068,17.423306,52.790472
TIC190430205,21.661501,46.220215
TIC190442486,21.662371,41.950794
TIC190743990,21.719141,45.646806
TIC190998418,0.470262,42.061345
TIC191146556,0.553625,46.340305
TIC191284318,0.638202,42.463096
TIC192372961,3.039891,43.183802
TIC194203348,0.079788,41.59388
TIC195199644,20.902432,37.789356
TIC197650870,22.447005,52.227842
TIC198186769,16.387867,62.925121
TIC198212955,16.570220,60.195927
TIC198241702,16.646443,64.559181
TIC198356533,17.075917,56.842549
TIC198384408,17.185672,56.658901
TIC198390247,17.214885,57.197778
TIC198457103,17.461402,57.510557
TIC199376584,20.449409,33.744388
TIC199444169,22.325523,42.560314
TIC199688472,16.876022,57.97415
TIC201154493,3.742889,41.064351
TIC201186294,3.759374,37.11228
TIC202375913,0.397697,51.468293
TIC202504234,15.354006,63.565285
TIC2041563029,23.101163,43.898633
TIC219015370,14.872843,70.476557
TIC219698776,9.048843,71.636416
TIC219751469,17.413323,61.423521
TIC219776325,17.569561,61.121472
TIC219850915,17.085304,69.519093
TIC219852584,17.111480,67.871503
TIC219852882,17.108178,68.843303
TIC219854185,17.118043,70.238481
TIC224297258,12.337525,56.201409
TIC224600500,16.997239,58.462633
TIC229536616,13.054742,67.823436
TIC229650439,18.728252,74.937833
TIC229747848,18.688445,70.290054
TIC229770036,18.811557,70.840191
TIC229781583,18.902369,69.633534
TIC229940491,19.203301,63.657061
TIC229944666,19.225665,62.203124
TIC229951289,19.245028,60.670948
TIC230017324,19.431021,61.776153
TIC230017325,19.431275,61.776068
TIC230086768,16.441605,66.144224
TIC230127302,16.741058,70.429992
TIC232540264,15.191191,71.841296
TIC232612416,17.268239,63.105607
TIC232679662,18.831636,55.266393
TIC232971294,13.296176,71.721051
TIC232976128,13.370772,66.308533
TIC232982558,16.117596,67.87764
TIC233059608,17.987159,64.142644
TIC233120979,18.235283,62.858243
TIC233211762,17.779072,70.784502
TIC233390838,20.103951,59.490771
TIC233541860,18.746525,62.685644
TIC233617847,18.919637,64.53137
TIC233681149,17.357654,65.012281
TIC233684822,17.393526,64.862363
TIC233735068,18.498457,61.049501
TIC233951353,20.360860,58.140828
TIC233953967,20.359677,56.462656
TIC235683377,19.152807,74.174276
TIC236445129,20.951235,31.661019
TIC236714379,15.946764,65.888838
TIC236815160,18.909166,59.763193
TIC236887394,20.225458,65.162331
TIC237086564,20.493102,61.550725
TIC237104103,16.088193,70.19004
TIC237200747,19.535500,74.891073
TIC237222864,19.749641,74.062858
TIC237232044,19.826579,76.139178
TIC240450679,21.568491,46.931774
TIC240613164,21.753681,45.812547
TIC240681314,0.630583,51.288778
TIC240968774,1.274310,49.233138
TIC241040309,1.381160,48.955364
TIC241065596,1.449080,49.388653
TIC241076290,1.935524,52.585482
TIC245462406,2.588113,55.703217
TIC249812036,22.652369,49.426562
TIC249862365,2.541534,52.704091
TIC249945230,2.587347,48.273763
TIC250724252,2.233683,53.121508
TIC251384275,2.981349,58.735245
TIC252490659,22.957319,53.140835
TIC252616865,23.066325,52.562695
TIC252636888,23.101218,52.787014
TIC256414077,1.040433,60.715522
TIC256621916,20.032559,60.246367
TIC256783784,21.960119,36.321404
TIC256886630,21.959004,41.449509
TIC258514800,20.364995,70.943705
TIC258777134,19.116525,71.7136
TIC258801269,19.135006,66.290697
TIC258829450,19.177755,66.768093
TIC259126549,19.427457,69.11298
TIC259129875,19.458683,68.014695
TIC259151170,3.356393,52.692112
TIC259168516,19.487599,65.973802
TIC259172391,19.517849,71.497358
TIC26433869,3.787623,30.149498
TIC266500992,4.078149,52.256992
TIC266593143,21.635732,30.488188
TIC266688542,21.401587,46.384673
TIC267561446,20.767577,56.86715
TIC267574918,18.961045,53.509024
TIC267694283,4.215335,53.68705
TIC26880783,19.562905,53.464527
TIC269238073,23.348849,62.161179
TIC269509393,23.358253,60.175637
TIC269701147,20.135042,66.850301
TIC269892793,2.952863,33.312657
TIC270238522,23.443228,64.304699
TIC272049972,23.694444,62.921485
TIC272625214,23.754572,62.142699
TIC272635712,15.410809,67.464751
TIC272828463,23.772589,60.487025
TIC274170255,21.096423,46.845151
TIC274662200,21.124483,46.865373
TIC274762761,20.089758,38.228325
TIC274942910,21.528438,41.797465
TIC275111900,21.547123,39.072196
TIC275501623,21.341074,61.12025
TIC275722992,21.252331,44.899679
TIC276360911,21.936897,55.740977
TIC276380902,20.537718,58.328901
TIC27677846,4.424676,46.365902
TIC277014266,20.428389,53.561615
TIC277447970,21.388634,52.8147
TIC277507814,20.730241,59.576628
TIC277566483,20.746305,54.502161
TIC279177746,20.925677,46.502085
TIC283474780,0.867845,36.393013
TIC283722336,23.222480,57.169626
TIC284050395,0.599325,65.026035
TIC284441182,0.672610,61.213387
TIC284475976,19.410826,55.473027
TIC285543785,0.881468,60.891685
TIC285666479,2.907377,52.07103
TIC285674856,3.546420,51.884502
TIC285677945,3.539932,50.49904
TIC286355915,2.526216,34.368925
TIC286561122,4.391749,35.495109
TIC286923464,13.567330,53.728188
TIC287190564,19.500345,54.108503
TIC288132261,13.965621,79.583322
TIC288348498,1.313359,41.506112
TIC288631580,18.528346,82.305949
TIC288636342,18.630957,78.61111
TIC288735205,18.806678,79.256476
TIC28900646,4.572930,43.03704
TIC292321872,2.126813,45.500156
TIC293687315,14.434922,59.444274
TIC293954617,20.041030,53.377442
TIC294179385,20.056154,53.294181
TIC294179389,20.055909,53.29562
TIC294471966,20.133430,51.361796
TIC298073824,13.422454,75.982713
TIC298647682,18.150949,53.217729
TIC299158887,19.281753,49.548281
TIC302773669,2.829107,71.753088
TIC306955329,0.940951,48.637517
TIC307111282,0.976008,50.936428
TIC310003988,14.991524,46.9601
TIC311035838,13.739601,48.028565
TIC311121985,5.705419,49.513452
TIC312083267,20.219682,36.725485
TIC312122956,5.898398,30.446042
TIC312259170,0.736185,59.464498
TIC312469860,0.858762,55.710926
TIC312678993,0.906490,54.528009
TIC312862941,1.021436,55.69801
TIC313506357,23.183836,45.93369
TIC313761775,21.223172,56.943732
TIC314338017,21.276332,58.772809
TIC316254876,3.465923,54.865617
TIC316402246,21.464899,54.519818
TIC317397615,23.319755,75.017864
TIC317507345,23.411648,77.627113
TIC317597583,23.467778,75.552607
TIC318746829,23.314575,56.008598
TIC319068154,23.340588,55.52411
TIC320506985,0.544238,54.654594
TIC321041369,5.444737,56.963615
TIC321857016,21.529454,66.349005
TIC322054600,21.591345,68.987307
TIC322202434,21.688337,68.807202
TIC326114850,22.104661,52.701917
TIC326919774,1.531532,46.399826
TIC327011842,1.564460,45.010329
TIC327341626,1.646034,42.677739
TIC327579226,0.315749,57.200629
TIC328167090,22.110898,55.686255
TIC328750515,22.152474,57.938972
TIC329145325,22.180838,59.650554
TIC329277372,22.175359,57.282429
TIC329864959,22.216336,53.98452
TIC330332501,21.007358,46.060449
TIC330468175,21.011080,47.785991
TIC331034236,21.739434,58.551567
TIC332154944,1.285242,57.514232
TIC333473672,23.616055,39.639279
TIC335483600,22.174243,63.55055
TIC336740528,22.315904,61.148988
TIC339538183,6.221260,63.685008
TIC343019899,22.300274,54.319045
TIC343442463,22.767915,55.162935
TIC343628284,21.088267,57.771095
TIC345143460,23.683115,57.485242
TIC345996087,21.832003,44.08006
TIC346338552,22.963024,38.674919
TIC346418409,22.973977,39.658712
TIC348135793,2.291798,56.42149
TIC348673213,2.387155,56.570014
TIC350132371,21.939424,68.998035
TIC352239069,19.479739,58.614764
TIC352413427,1.039876,37.185439
TIC352764091,20.583175,63.474938
TIC353038705,22.208796,31.364667
TIC353367071,5.995656,33.506969
TIC353475866,6.020556,34.77309
TIC353782445,18.462526,55.755753
TIC354006740,5.891271,37.3394
TIC354400186,1.849202,48.352316
TIC354469661,1.885505,52.053921
TIC354594208,0.125854,32.43753
TIC354600221,0.404978,57.881718
TIC355867695,10.476271,65.854199
TIC356158613,20.047244,39.668371
TIC356311210,17.867738,53.730699
TIC356867115,18.390836,71.581748
TIC357457104,21.036060,45.775741
TIC357972447,21.130387,50.500883
TIC358631536,21.171697,48.464282
TIC364186197,20.900736,72.580646
TIC365389353,21.590975,51.323577
TIC365683032,20.811997,51.910696
TIC365733349,20.877802,65.608783
TIC365938305,12.048433,74.061009
TIC366074069,23.784705,69.049522
TIC367099243,21.181946,72.615356
TIC367102581,20.951269,78.674917
TIC367366318,5.219706,33.317953
TIC367607434,23.258328,46.576022
TIC368536386,5.961345,36.765805
TIC370759867,1.877570,55.185971
TIC371673488,22.882214,59.850951
TIC372264750,22.087176,66.775296
TIC374400599,2.313193,64.356382
TIC375506058,21.080246,55.588022
TIC376353509,3.026745,69.229924
TIC376637093,22.672308,69.503731
TIC376682699,22.690151,69.074447
TIC376838000,22.727310,69.091928
TIC377144784,22.829595,68.251071
TIC377191482,19.062474,59.164074
TIC377293776,19.123604,59.086625
TIC377304435,19.136677,55.303691
TIC377420580,22.797649,60.173632
TIC377739433,23.238279,65.957972
TIC378159598,19.648182,41.565154
TIC378291076,23.880909,61.36026
TIC384045439,21.818396,53.293768
TIC385105624,3.387207,46.682113
TIC387259626,20.578019,66.440384
TIC387260717,20.623255,70.954088
TIC387413037,20.749102,69.151807
TIC387527558,20.821805,70.796604
TIC387664866,21.569908,50.481445
TIC387664868,21.570024,50.481865
TIC387834907,21.044607,70.0803
TIC388076005,21.203320,68.05247
TIC389182138,22.909004,54.161814
TIC395142888,22.353390,59.560814
TIC395171208,21.667636,48.406767
TIC396562848,2.955925,76.551405
TIC396740648,6.516581,66.360596
TIC403256331,0.283289,58.679253
TIC405794804,21.647627,65.039172
TIC405904232,20.104175,52.164181
TIC407394748,0.361377,77.880071
TIC408203470,20.480729,33.413959
TIC409183335,5.453855,38.597453
TIC409520860,23.696793,37.186566
TIC410528770,21.881060,60.569156
TIC414870287,22.458178,59.43379
TIC415741431,22.609623,58.276061
TIC416195870,19.149473,57.344126
TIC416624606,20.669204,50.323742
TIC416987878,21.526143,50.320713
TIC417676622,19.402154,49.040213
TIC417705690,23.240502,76.93432
TIC417931607,12.434952,61.258929
TIC417948359,13.279747,49.861059
TIC418959198,22.993818,36.517666
TIC418987806,0.434628,63.319412
TIC420112589,19.344932,73.195108
TIC420288086,0.730848,61.835626
TIC42123111,20.148005,38.245221
TIC421308357,19.254540,57.760569
TIC422756130,1.461449,72.296615
TIC422923265,2.683039,42.871248
TIC424435940,18.313417,45.172219
TIC424865156,19.483146,47.969543
TIC427654774,23.285938,70.190576
TIC427761355,23.484501,67.034806
TIC428065977,22.608025,52.115714
TIC430528566,22.211435,52.901085
TIC43064903,20.177942,40.668628
TIC430677414,22.244647,53.239557
TIC431148743,22.332087,53.662497
TIC431156009,22.693052,51.965285
TIC431514478,23.800085,49.790533
TIC431585347,23.844936,50.354962
TIC431899140,3.748169,45.507188
TIC432549364,0.024140,39.383795
TIC434718964,23.032538,64.067337
TIC440100539,0.290568,42.282204
TIC441732151,17.191783,72.135555
TIC441739020,17.267817,72.161181
TIC441797803,17.625263,73.261193
TIC444415148,0.420594,62.543115
TIC445137888,0.753493,56.070058
TIC445144327,0.748944,58.712058
TIC445859771,14.274724,58.390253
TIC44631965,1.482426,35.864854
TIC452803785,22.562336,52.636337
TIC455791689,23.089824,46.903117
TIC455962313,22.669106,65.439728
TIC458914949,3.228228,61.907831
TIC459969957,16.987744,65.747438
TIC459978312,17.037694,64.600893
TIC461387302,0.201453,66.650523
TIC467179528,13.199772,65.833697
TIC468472950,21.418881,40.887821
TIC468828873,6.124803,66.857699
TIC468845640,22.522273,53.796052
TIC470315428,4.309899,52.865032
TIC470381900,4.352043,48.819831
TIC470709084,23.824540,61.682819
TIC470852531,23.982745,61.554089
TIC50120414,2.659407,62.433306
TIC51024887,2.810346,62.18926
TIC52041724,0.941299,65.679038
TIC53875855,0.976863,34.148042
TIC58542531,4.398643,27.82237
TIC64553698,22.563531,57.563539
TIC64836837,22.586435,55.031026
TIC66445643,22.759087,48.161556
TIC66783360,22.798060,49.918072
TIC67309890,22.877080,48.55001
TIC67418624,1.910688,37.005042
TIC68152139,2.960120,40.016703
TIC71854745,1.753295,54.56844
TIC73104318,4.114774,58.465452
TIC73448352,2.553872,30.360453
TIC81831095,3.187109,61.762385
TIC82010657,3.250211,60.238195
TIC8400842,4.364639,57.817209
TIC85031598,4.356406,62.245206
TIC87090944,3.899106,58.9683
TIC89759617,20.104312,35.588396
TIC92783821,20.201155,35.524628
TIC96291218,4.868987,30.280386
TIC9837861,4.703239,54.292058
TIC104208182,3.633478,50.955115
TIC130181866,7.831958,27.363134
TIC137500798,8.842334,82.92712
TIC137881699,10.038175,53.950824
TIC137906197,10.140186,55.53996
TIC142090065,5.271567,79.737727
TIC14336130,7.005555,56.824194
TIC149833117,6.975236,67.677336
TIC1551345500,18.486201,55.313107
TIC15863518,6.701373,39.842904
TIC160045097,14.205251,74.411791
TIC174041208,23.401199,43.37667
TIC190223929,6.566879,41.900818
TIC198206613,16.469564,63.499098
TIC21535395,10.985153,40.983718
TIC219857012,17.155258,71.876672
TIC219860288,17.183155,71.872204
TIC224596152,16.966886,57.305263
TIC22705558,8.345916,46.203604
TIC229455001,19.619405,60.881302
TIC229938290,19.178734,64.153662
TIC230377505,19.013707,60.233671
TIC230386259,19.048568,63.948849
TIC232635922,18.742419,54.949899
TIC232650365,18.784514,54.910682
TIC233009109,16.550216,72.925534
TIC233071822,18.053737,60.675192
TIC233071926,18.049287,60.417638
TIC233602827,18.849149,64.419466
TIC233684293,17.384192,63.110741
TIC23650642,8.405908,42.104735
TIC237099296,16.020132,68.9373
TIC239154970,7.545616,33.835021
TIC240148934,6.758811,31.465533
TIC241173474,7.740486,43.009079
TIC241196395,10.236646,29.085524
TIC241225337,6.237237,53.135925
TIC252479260,10.378764,50.128711
TIC257241363,7.467868,30.321732
TIC272672133,15.616119,67.452579
TIC274215536,6.659879,42.131339
TIC285048486,8.040779,64.797153
TIC287080092,16.232590,63.53353
TIC287139872,16.897432,60.70962
TIC287225295,9.600023,51.607784
TIC289580577,16.831322,61.173577
TIC29119552,7.908655,45.807841
TIC29191596,10.114669,45.883328
TIC29191624,10.120469,46.114881
TIC293617835,9.019831,55.85994
TIC298666530,18.559994,58.205529
TIC310981412,10.761852,69.20078
TIC318022259,7.191055,48.327933
TIC332064670,8.876456,28.329815
TIC332477926,17.706287,57.447771
TIC356473034,7.801785,50.225147
TIC356978132,18.252114,56.878102
TIC364074068,20.421918,77.636412
TIC365673804,20.889277,64.229166
TIC367753709,17.026714,79.067126
TIC367858035,23.649439,75.685232
TIC371210825,7.437290,32.383825
TIC371234684,7.344568,37.140595
TIC372730331,10.155364,39.162411
TIC39699648,9.118510,46.672425
TIC408618999,2.895631,69.101345
TIC408636441,21.790111,62.753816
TIC420112587,19.344932,73.195993
TIC424391516,18.771843,75.303367
TIC435680451,1.194334,79.165492
TIC441739871,17.304278,74.302721
TIC445805961,6.285589,76.21102
TIC450327768,10.681948,35.913354
TIC453387619,7.591624,49.478068
TIC457138169,9.424530,50.908874
TIC461662295,8.296444,51.01037
TIC470987100,7.453430,53.045268
TIC4897275,9.877462,35.111008
TIC51234631,7.359202,58.268109
TIC53427308,7.925451,54.596601
TIC67646988,9.851235,35.968556
TIC67666096,9.909541,40.387945
TIC67926921,8.529713,44.832314
TIC71431780,7.786480,68.476685
TIC81212286,8.468840,56.427529
TIC85242435,7.623014,61.153925
TIC85293053,10.455847,34.39095
TIC86280613,9.448072,61.698996
TIC86396382,6.509110,29.672266
TIC8767448,9.340198,33.882329
TIC9348006,10.007673,39.457751
TIC95129101,7.662191,28.120146
TIC99834717,11.011147,64.963845
TIC142381532,13.081315,63.753261
TIC142387023,13.182082,61.744849
TIC144401492,11.869740,35.1718
TIC144441148,13.860394,33.49239
TIC148679712,11.478075,46.480464
TIC160440924,15.787792,77.232643
TIC162689341,16.446136,51.041133
TIC165763244,15.476033,55.18532
TIC165987272,13.065456,30.640145
TIC166648874,11.074543,30.458576
TIC168699373,14.209591,47.014783
TIC17993892,11.418329,41.028021
TIC180652891,13.307156,35.953983
TIC180695581,13.418842,38.922367
TIC198108326,13.959243,43.49331
TIC198153540,14.072929,46.519283
TIC198385543,17.196998,54.527848
TIC20182165,15.078750,38.605375
TIC207425167,16.183192,58.294553
TIC207468071,16.393862,54.690077
TIC219824469,13.629334,48.250123
TIC224313733,15.606610,57.890738
TIC229400092,19.497255,62.529189
TIC229742722,18.655451,69.522873
TIC229750058,18.711945,66.303112
TIC232982938,16.104150,69.621802
TIC233720539,18.425286,63.488103
TIC235905185,19.391828,78.754217
TIC237108272,17.142630,78.587055
TIC23740089,13.873310,37.748612
TIC258871793,19.192986,66.328065
TIC272758199,15.821139,71.442944
TIC285094173,12.438792,46.470824
TIC286916251,13.559832,49.060843
TIC307734817,11.439803,28.056535
TIC307956397,17.110818,63.778635
TIC330799746,12.875412,34.901028
TIC341815767,17.834681,54.636127
TIC373693175,12.551080,44.915367
TIC376524552,12.594824,27.214377
TIC377290815,19.106199,56.629312
TIC393831507,12.512448,27.452002
TIC71612483,13.486283,31.401916
TIC8967242,11.148861,34.303015
TIC9392421,11.185190,39.526673
TIC101721385,17.341078,38.242168
TIC103195323,4.171532,75.170931
TIC103633672,10.148232,70.394557
TIC115446313,16.831459,47.316983
TIC115524421,16.942033,44.302536
TIC115583726,16.972567,45.936445
TIC115623434,17.016386,45.386283
TIC116242971,17.842699,36.570176
TIC116264089,17.868607,37.546327
TIC123233041,18.752542,42.451098
TIC123495874,18.841976,46.323281
TIC138294130,15.332748,36.229545
TIC1400212743,17.823640,40.457105
TIC142117976,5.416015,79.74934
TIC142748283,10.107913,74.827211
TIC147951030,11.191020,71.540754
TIC154568734,12.753193,72.123084
TIC155001079,23.010361,46.032536
TIC158075010,14.545626,43.756428
TIC159244568,15.145332,82.446925
TIC159742538,17.886956,37.21174
TIC159781361,15.628784,48.955206
TIC159815224,17.921597,40.167475
TIC159873822,15.861607,52.306308
TIC160039081,16.105414,53.514641
TIC160491359,15.934461,73.07392
TIC164150537,22.382807,30.573268
TIC164892194,19.016055,46.668241
TIC165527918,17.742247,54.090971
TIC165530380,17.760430,59.514199
TIC165554103,17.795438,55.872814
TIC16884216,15.524223,33.902516
TIC1715469662,18.899313,37.380825
TIC1716467085,19.039767,42.507414
TIC172370679,19.961790,40.143346
TIC17416749,16.146733,35.691135
TIC174302697,23.478574,47.349521
TIC188589164,15.971838,35.408114
TIC198178505,16.292151,61.368246
TIC198187049,16.381931,61.694836
TIC198211976,16.555552,63.524496
TIC198360694,17.106745,57.661033
TIC198456933,17.455784,58.214352
TIC198485881,12.982641,77.661716
TIC198588220,17.107382,44.776885
TIC20203297,15.097976,39.636553
TIC202426247,15.097115,64.047682
TIC207425203,16.194624,58.477001
TIC207501148,16.510475,56.399869
TIC21744120,17.089758,33.012325
TIC21832928,17.132120,32.105303
TIC219436394,13.706231,76.647981
TIC219462190,13.870197,75.165261
TIC219466784,13.990561,74.151228
TIC219501568,16.304280,42.62706
TIC219508169,16.453151,42.687767
TIC219762508,17.507018,63.123014
TIC219778329,17.590138,64.380132
TIC219821826,17.868636,62.79094
TIC219879302,17.408630,67.989121
TIC224298134,12.355880,57.752364
TIC229490898,19.750487,64.791904
TIC229586455,18.091235,75.145628
TIC229608594,18.300804,74.466535
TIC229715760,18.599302,70.160757
TIC229787062,18.934845,70.25412
TIC229791084,18.962927,69.570837
TIC229888286,15.074434,28.215715
TIC230001847,19.374660,60.853904
TIC230075227,16.291797,68.894664
TIC230087585,16.475042,69.030975
TIC230375747,19.001378,63.42983
TIC230386397,19.052401,64.230256
TIC230387153,19.061446,65.785672
TIC23059280,18.276264,34.173012
TIC232568235,16.511133,49.046789
TIC232641326,18.763281,56.381701
TIC233047097,17.910727,60.356411
TIC233066156,18.018507,61.347153
TIC233068569,18.037206,63.54963
TIC233078665,18.107459,62.176751
TIC233182695,14.602892,68.940695
TIC233497719,16.634666,77.756401
TIC233500935,16.715993,76.449587
TIC233633993,18.984516,60.154455
TIC233680651,17.353537,63.239282
TIC233688779,18.359573,62.369002
TIC233721037,18.426270,64.636881
TIC235678745,19.042435,75.418514
TIC235937532,19.594307,81.554791
TIC235943205,19.728516,78.725919
TIC236312126,16.036618,28.169625
TIC236934268,20.284442,65.153844
TIC236934937,20.286604,65.871559
TIC237071229,20.468183,61.871411
TIC237201858,19.521554,72.538317
TIC237211410,19.625070,74.78231
TIC23814735,14.002974,38.705641
TIC243313296,19.300889,56.236779
TIC243335710,19.324107,59.670112
TIC255930614,16.508199,38.347535
TIC258389327,19.780686,70.071943
TIC258510872,20.311015,66.155954
TIC262880065,15.021046,40.946827
TIC264171144,19.626011,66.971432
TIC264303333,19.757000,67.310971
TIC264544388,21.762559,79.613939
TIC265146266,21.126180,74.383252
TIC265460043,23.990207,68.384119
TIC26547036,19.477796,53.487369
TIC268823307,19.960469,44.035039
TIC270515566,17.630269,47.230289
TIC272679240,15.634153,69.017531
TIC27491137,14.492801,39.790399
TIC27848472,18.575449,35.661431
TIC280031353,19.827746,68.883354
TIC283829553,15.237908,51.468846
TIC284361752,19.207238,54.640427
TIC284477310,19.408398,56.881296
TIC284564230,19.434935,58.510182
TIC285542903,0.884670,60.618112
TIC288516853,18.233154,80.658462
TIC288636599,18.649633,79.23835
TIC289164482,18.497287,40.541412
TIC289590465,16.896186,65.293961
TIC298164705,14.622561,56.666184
TIC298663873,18.529575,56.650679
TIC308172249,17.818992,29.879043
TIC310231275,15.985851,32.395973
TIC314835525,23.127321,56.694513
TIC315755496,20.688758,82.435302
TIC316468545,21.593886,65.437536
TIC321668398,17.617535,53.021275
TIC321669174,17.620151,53.025567
TIC321688498,21.439972,68.640531
TIC322062001,21.615924,69.283946
TIC329148988,22.170884,58.706093
TIC334811204,22.113451,63.599044
TIC336128819,18.745090,36.563132
TIC336267424,18.777460,41.56002
TIC341815197,17.820478,54.415932
TIC346929661,0.065170,59.334681
TIC347013211,0.074617,54.934497
TIC356016119,16.942836,70.027316
TIC356700488,16.963710,68.699581
TIC357501308,15.322496,29.207877
TIC362220495,19.081864,79.755949
TIC367739494,16.692199,80.04588
TIC367855829,18.457876,73.264575
TIC368287008,15.475510,27.361073
TIC375850439,22.419669,67.971168
TIC378355116,23.883226,60.481667
TIC389900760,1.567154,65.513988
TIC39200363,17.416255,32.798397
TIC393911494,13.811897,44.911752
TIC393965778,14.169832,45.563868
TIC394029948,18.815309,78.568946
TIC394050135,18.853017,82.245414
TIC395393265,1.755931,77.790123
TIC396356111,0.173304,58.489439
TIC39903405,16.343429,41.04796
TIC399860444,19.120568,49.316421
TIC400430915,19.692148,57.325664
TIC402898317,20.182502,70.869653
TIC403308915,0.346590,55.542814
TIC405559035,15.657420,55.153498
TIC405717754,19.082896,50.040367
TIC405763009,19.962683,56.971091
TIC406855039,18.324701,71.248626
TIC407059875,0.364636,66.168119
TIC417931300,12.418237,60.418346
TIC420645189,3.224695,75.268379
TIC422656370,23.311472,68.299217
TIC427320001,22.923622,70.29729
TIC427730490,23.484982,71.506474
TIC428988981,23.350209,79.441782
TIC441642457,13.992155,58.93291
TIC441738827,17.283636,72.747023
TIC441765914,17.424993,75.88228
TIC441798995,17.609860,77.126216
TIC445254275,0.814410,59.386718
TIC462615350,16.741279,60.086043
TIC468574941,1.078996,74.331306
TIC470127886,22.074521,81.565951
TIC470159478,22.220782,81.739729
TIC48018596,18.771746,50.492466
TIC53617134,1.178673,65.249648
TIC53709089,1.182447,61.092107
TIC68035559,14.648948,37.02674
TIC71347873,7.706225,70.404076
TIC75656058,18.059914,38.073512
TIC75878355,18.129033,39.072927
TIC76197937,18.246846,37.629995
TIC76419763,18.293702,36.621462
TIC82452140,17.006504,39.73025
TIC8348911,16.352003,31.577041
TIC88840705,17.505955,40.369465
TIC88992642,17.583872,40.695043
TIC88996391,17.596291,36.196492
TIC900715901,11.599103,75.546629
TIC9828416,17.406426,33.205073
